47.6759453,-122.09627,0
47.6750412,-122.09629,0
47.6753387,-122.0965,0
47.6754723,-122.09652,0
47.6754189,-122.09653,0
47.6754112,-122.09656,0
47.6753654,-122.09716,0
47.6735115,-122.09893,0
47.6735077,-122.09895,0
47.673851,-122.09898,0
47.6745529,-122.09978,0
47.6748619,-122.09985,0
47.6750603,-122.09998,0
47.6752014,-122.10394,0
47.6732254,-122.10603,0
47.6670952,-122.1136,0
47.6646004,-122.13276,0
47.6402206,-122.13495,0
47.6601601,-122.1357,0
47.6320534,-122.14753,0
47.6301918,-122.16322,0
47.6299286,-122.17284,0
48.0006752,-122.17384,0
47.9990044,-122.17385,0
48.0023308,-122.1739,0
48.0030327,-122.17396,0
48.0054131,-122.17413,0
48.0094681,-122.17422,0
47.9988327,-122.17429,0
48.0123177,-122.17439,0
48.0133057,-122.17445,0
48.0072365,-122.17453,0
48.0069084,-122.17453,0
48.0082397,-122.17456,0
48.0110359,-122.17471,0
48.0133514,-122.17484,0
48.0200462,-122.17493,0
48.0175781,-122.17501,0
48.0256882,-122.17628,0
48.0284653,-122.17688,0
48.0315056,-122.17701,0
48.031395,-122.17711,0
48.0331078,-122.17744,0
48.0351601,-122.17815,0
48.0363197,-122.17834,0
48.037941,-122.17838,0
48.0373344,-122.1786,0
47.7015648,-122.17918,0
47.9936867,-122.17929,0
47.9934845,-122.17968,0
48.0418701,-122.18013,0
47.6975327,-122.18047,0
48.0470467,-122.18259,0
47.9890671,-122.18282,0
47.6843681,-122.18304,0
48.0487595,-122.18369,0
48.0528336,-122.18437,0
48.0599251,-122.18444,0
48.0747299,-122.18455,0
48.0757675,-122.18456,0
48.084549,-122.18457,0
48.0726318,-122.18457,0
48.0751038,-122.18459,0
48.0823784,-122.1846,0
48.0789871,-122.18462,0
48.0864792,-122.18462,0
48.1041794,-122.18464,0
48.10569,-122.18471,0
48.1107368,-122.18472,0
48.1041145,-122.18472,0
48.0959816,-122.18473,0
48.0502853,-122.18475,0
48.0503464,-122.18478,0
48.0803185,-122.18503,0
48.1209488,-122.18503,0
48.0807991,-122.18504,0
48.0837936,-122.18505,0
48.1019783,-122.18505,0
48.0710983,-122.18505,0
48.0805016,-122.18505,0
48.0932579,-122.18507,0
48.0861664,-122.18508,0
48.1016808,-122.18508,0
48.0644684,-122.1851,0
48.0641785,-122.1851,0
48.1230469,-122.18512,0
48.1096344,-122.18513,0
48.1107292,-122.18513,0
48.1086082,-122.18519,0
48.1149445,-122.1852,0
48.1278648,-122.18537,0
48.1237144,-122.18562,0
48.1336174,-122.18567,0
48.1245537,-122.18567,0
47.7546425,-122.1858,0
47.7629738,-122.18587,0
47.6738396,-122.18596,0
47.6722412,-122.18617,0
47.6396065,-122.18623,0
48.1370354,-122.18645,0
48.1382141,-122.18661,0
47.9816742,-122.18665,0
47.7440147,-122.18687,0
47.7422676,-122.18736,0
48.1443329,-122.18768,0
48.1472473,-122.18774,0
47.980587,-122.18806,0
48.1492119,-122.18806,0
48.1501083,-122.18821,0
47.9807854,-122.18829,0
47.9805717,-122.18847,0
48.1529922,-122.18872,0
48.1529121,-122.18877,0
47.7676964,-122.18892,0
48.1557465,-122.18922,0
48.1542168,-122.1894,0
48.1543884,-122.18943,0
48.157135,-122.18947,0
48.1545715,-122.18947,0
48.1598816,-122.18995,0
48.1574936,-122.18997,0
48.1681671,-122.18997,0
47.6316452,-122.19006,1
48.1599083,-122.1904,0
48.1708488,-122.19234,0
47.9726791,-122.19238,0
48.1757545,-122.19321,0
48.1776543,-122.19357,0
48.1775169,-122.19359,0
48.1788406,-122.1945,0
48.1782799,-122.19459,0
47.7820854,-122.19493,0
47.9332123,-122.19568,0
47.931385,-122.19617,0
47.9370003,-122.19635,0
47.9412079,-122.19662,0
47.9307213,-122.19664,0
47.969101,-122.19664,0
47.9314651,-122.19682,0
47.9451027,-122.19728,0
48.1814232,-122.19735,0
47.9688721,-122.19736,0
47.9431572,-122.19748,0
47.9409142,-122.19755,0
47.9457703,-122.19756,0
47.9382858,-122.19762,0
47.9686203,-122.19768,0
47.9387016,-122.19772,0
47.9450989,-122.19804,0
48.1824608,-122.19833,0
48.1825943,-122.19843,0
47.9670868,-122.19894,0
47.964817,-122.19897,0
47.9632072,-122.19905,0
48.1838608,-122.19907,0
47.9519806,-122.1991,0
47.962677,-122.1991,0
47.9537582,-122.19928,0
47.9605675,-122.19972,0
47.9510117,-122.1998,0
47.9568939,-122.2002,0
48.187912,-122.2011,0
48.1879082,-122.20133,0
47.927681,-122.20164,0
48.1866112,-122.20204,0
47.9204826,-122.20561,0
48.1936455,-122.20834,0
47.9122467,-122.2092,0
48.1961136,-122.20929,0
48.1953011,-122.20952,0
47.9121017,-122.20984,0
47.9121475,-122.20996,0
48.1976242,-122.21005,0
47.9090157,-122.21025,0
47.9080048,-122.21053,0
48.1989326,-122.21073,0
48.2038155,-122.21301,0
47.9045448,-122.21303,0
47.8976593,-122.214,0
48.2045975,-122.2141,0
47.8991737,-122.21545,0
48.2080116,-122.21569,0
47.8985596,-122.21571,0
47.896965,-122.21638,0
47.896347,-122.21665,0
47.8935127,-122.21783,0
48.2134018,-122.21806,0
47.893261,-122.21822,0
48.2177505,-122.2187,0
48.2179947,-122.21875,0
47.8923531,-122.21938,0
48.2197876,-122.21949,0
48.2202797,-122.21973,0
48.2228889,-122.2215,0
47.8918571,-122.22152,0
48.2237282,-122.22224,0
48.2247124,-122.2233,0
48.2235451,-122.22373,0
48.2236481,-122.22384,0
48.2237587,-122.22398,0
47.6363525,-122.22482,1
48.2259865,-122.22485,0
47.8880768,-122.22514,0
48.2273064,-122.22696,0
47.8062248,-122.22701,0
48.225956,-122.22744,0
48.227417,-122.22956,0
47.8120689,-122.23113,0
47.8832207,-122.23151,0
47.8839989,-122.23152,0
47.8147316,-122.23238,0
47.8812141,-122.23421,0
47.8809509,-122.23448,0
47.879612,-122.23707,0
47.8783722,-122.23869,0
47.8780403,-122.23903,0
47.8768044,-122.23984,0
48.240406,-122.24226,0
48.2399139,-122.24237,0
47.8742409,-122.24274,0
48.2408676,-122.24336,0
47.8741074,-122.24345,0
47.87397,-122.24358,0
48.241951,-122.24369,0
47.8691864,-122.24447,0
48.2432823,-122.24495,0
47.8664856,-122.24513,0
47.8663635,-122.24516,0
47.8681183,-122.24541,0
47.8661118,-122.24586,0
47.8220749,-122.24629,0
48.2445145,-122.24725,0
47.8624268,-122.24813,0
48.2458725,-122.24868,0
48.2463684,-122.2492,0
48.2469215,-122.24982,0
48.2485657,-122.24998,0
47.8230972,-122.25045,0
47.8557053,-122.25316,0
48.2507591,-122.25387,0
48.2541885,-122.25481,0
47.8473816,-122.25784,0
47.8453789,-122.25829,0
47.8479538,-122.25838,0
47.8477478,-122.25842,0
48.2604752,-122.26004,0
48.2576752,-122.26028,0
47.8400764,-122.26038,0
47.8377419,-122.26091,0
47.8327942,-122.26147,0
47.8343658,-122.26179,0
48.259594,-122.262,0
47.8334465,-122.26212,0
47.8321419,-122.26273,0
48.2632523,-122.26302,0
47.8294983,-122.26341,0
47.8290672,-122.26385,0
47.8289452,-122.26403,0
48.2665482,-122.26709,0
47.827179,-122.26791,0
47.8262749,-122.26878,0
48.2671242,-122.2691,0
48.2706718,-122.27274,0
47.8219986,-122.27668,0
48.2746811,-122.27725,0
48.2764893,-122.27864,0
47.5075073,-122.27898,0
47.5061417,-122.27941,0
47.5062065,-122.27966,0
47.5069809,-122.28046,0
47.5069809,-122.28051,0
48.2783928,-122.28084,0
47.5075111,-122.28092,0
48.2786865,-122.28119,0
47.5092125,-122.28328,0
48.2805748,-122.28339,0
48.2807388,-122.28368,0
47.8182068,-122.28373,0
47.5114403,-122.2841,0
47.5122299,-122.28463,0
47.5127602,-122.28568,0
48.2830467,-122.28627,0
47.8169861,-122.28697,0
47.5154953,-122.28711,0
48.2834015,-122.28749,0
48.283535,-122.28763,0
48.2843056,-122.28776,0
47.8165588,-122.28791,0
48.2838783,-122.28804,0
47.5074158,-122.28806,0
47.816288,-122.28841,0
47.5181808,-122.28877,0
47.518158,-122.28928,0
47.507412,-122.28929,0
47.5181656,-122.28933,0
47.5029297,-122.28944,0
47.5029411,-122.28952,0
47.5015984,-122.28957,0
47.5016403,-122.28975,0
47.5016518,-122.28976,0
47.5016251,-122.28976,0
47.5016251,-122.28986,0
47.5047455,-122.28988,0
47.5016785,-122.28989,0
47.504673,-122.28999,0
47.814846,-122.29,0
47.5024529,-122.29008,0
47.5213585,-122.29025,0
47.5015259,-122.29027,0
47.5023804,-122.29034,0
47.5059547,-122.29036,0
47.5014992,-122.2904,0
47.5015144,-122.29041,0
47.5014725,-122.29041,0
47.5015259,-122.29043,0
47.5014534,-122.29043,0
47.5014076,-122.29043,0
48.2864685,-122.29044,0
47.5015144,-122.29045,0
47.5017204,-122.29045,0
47.5016403,-122.29045,0
47.5015144,-122.29048,0
47.5016747,-122.2905,0
47.5016403,-122.29053,0
47.5017776,-122.29053,0
47.5063477,-122.29059,0
47.5065002,-122.29066,0
47.5025864,-122.29077,0
47.5027885,-122.29077,0
47.502861,-122.29082,0
47.5025406,-122.29084,0
47.502594,-122.29084,0
47.5065155,-122.29084,0
47.506588,-122.29086,0
47.5025673,-122.29086,0
47.5025406,-122.29088,0
47.5015945,-122.29088,0
47.5023613,-122.29093,0
47.5023079,-122.29093,0
47.5022469,-122.29096,0
47.5020409,-122.29102,0
47.5018997,-122.29102,0
47.5023003,-122.29102,0
47.5022926,-122.29104,0
47.5018463,-122.29104,0
47.5018387,-122.29105,0
47.5018387,-122.29105,0
47.5020599,-122.29105,0
47.5022202,-122.29112,0
47.5022278,-122.29112,0
47.5021935,-122.29112,0
47.502285,-122.29112,0
47.5022697,-122.29112,0
47.5021744,-122.29115,0
47.5020599,-122.29118,0
47.5013466,-122.29118,0
47.5015411,-122.29118,0
47.5022736,-122.29121,0
48.2865524,-122.29123,0
47.5021667,-122.29127,0
47.5278854,-122.29252,0
48.287735,-122.29257,0
48.2889786,-122.29321,0
47.5275612,-122.29324,0
47.5341339,-122.29544,0
47.8125191,-122.29549,0
47.8123856,-122.29578,0
47.5358849,-122.29771,0
47.8101082,-122.29893,0
47.538826,-122.30128,0
47.8091812,-122.30161,0
47.5412865,-122.30267,0
47.8078117,-122.30327,0
47.54076,-122.30349,0
47.5442123,-122.30587,0
48.2998123,-122.30595,0
47.5444832,-122.30618,0
47.5447235,-122.30741,0
48.3014984,-122.30796,0
48.301033,-122.30819,0
48.3020401,-122.30928,0
48.3032417,-122.30989,0
47.547081,-122.31,0
48.3025818,-122.31001,0
47.8047676,-122.31008,0
47.5471573,-122.31013,0
48.3058128,-122.31371,0
47.7985992,-122.31452,0
48.3064995,-122.31472,0
47.5500145,-122.31485,0
47.795433,-122.31599,0
47.7894783,-122.31601,0
48.3083076,-122.31624,0
48.3079071,-122.3167,0
47.7905731,-122.31675,0
47.7829666,-122.31692,0
47.7760391,-122.31796,0
47.7767067,-122.31823,0
48.3090782,-122.31834,0
47.7765617,-122.31837,0
47.774765,-122.31879,0
47.5810661,-122.31911,0
47.6426163,-122.31912,0
47.5826454,-122.31955,0
47.7724495,-122.31988,0
47.5844994,-122.31989,0
47.5825806,-122.31992,0
47.7723923,-122.31996,0
47.5697136,-122.31998,0
47.5826797,-122.31998,0
47.569294,-122.32004,0
47.5755882,-122.32004,0
47.5732346,-122.32014,0
47.7719765,-122.32019,0
47.5684471,-122.32021,0
47.5886726,-122.32034,0
47.6805,-122.3205,0
47.5567551,-122.32064,0
47.5656738,-122.32066,0
47.6743736,-122.32072,0
47.5652809,-122.32075,0
47.5920868,-122.32089,0
47.7710762,-122.32092,0
47.5643959,-122.32093,0
47.5929871,-122.32105,0
47.6754723,-122.32114,0
47.6751709,-122.32114,0
47.5654449,-122.32125,0
47.560627,-122.32146,0
47.6702728,-122.32169,0
47.6826248,-122.32184,0
47.5626984,-122.322,0
47.6830177,-122.32212,0
47.6718597,-122.32214,0
47.6560211,-122.3223,0
48.3137131,-122.3223,0
47.6626205,-122.32233,0
47.7693596,-122.32237,0
47.6496201,-122.3224,0
47.6495857,-122.32241,0
47.6479988,-122.32246,0
47.6487923,-122.32264,0
47.6517982,-122.32272,0
47.6488228,-122.3228,0
47.6342583,-122.32314,0
47.6371078,-122.32328,0
47.6406631,-122.3233,0
47.6338768,-122.32332,0
47.7630615,-122.32356,0
47.6340141,-122.32388,0
47.6846809,-122.32397,0
47.7195473,-122.3241,0
47.7273788,-122.32413,0
47.7625275,-122.3243,0
47.7178268,-122.32432,0
47.6316605,-122.32446,0
47.7192192,-122.32449,0
47.7173805,-122.32451,0
47.7198257,-122.32456,0
47.6322479,-122.32462,0
48.3168716,-122.3251,0
47.7340622,-122.32512,0
47.6018715,-122.3252,0
47.6305885,-122.32552,0
47.6302185,-122.32589,0
48.3190002,-122.32647,0
48.3198357,-122.32647,0
47.6043472,-122.32729,0
47.687912,-122.32732,0
47.6046219,-122.32753,0
47.7395248,-122.32774,0
47.6044998,-122.32799,0
47.6227341,-122.32809,0
47.6262016,-122.32817,0
47.6048813,-122.32822,0
47.7126198,-122.32829,0
48.3233452,-122.32856,0
47.6273193,-122.32869,0
47.7569351,-122.32872,0
47.6957512,-122.32901,0
47.6990814,-122.32922,0
47.7013855,-122.32928,0
47.7025757,-122.32932,0
47.7033463,-122.32938,0
47.7507248,-122.32944,0
47.7058067,-122.32952,0
47.6942749,-122.32956,0
47.7461052,-122.3296,0
47.7459946,-122.32967,0
47.7420273,-122.32972,0
47.743679,-122.32976,0
47.6983795,-122.32995,0
47.7044907,-122.33006,0
47.7059402,-122.33009,0
47.7063141,-122.33011,0
47.7548752,-122.33032,0
47.6134453,-122.33036,0
48.4003792,-122.33038,0
48.3963242,-122.33038,0
48.3929062,-122.33044,0
47.7535629,-122.33051,0
47.7530785,-122.33054,0
48.39888,-122.33068,0
48.3269119,-122.3307,0
48.4010315,-122.33077,0
48.3856049,-122.3308,0
48.3889084,-122.33086,0
47.6086082,-122.33097,0
48.4089203,-122.33111,0
48.3266144,-122.33118,0
48.4078026,-122.33123,0
48.4161186,-122.33208,0
48.3836784,-122.3322,0
48.3289146,-122.33248,0
48.4173203,-122.33273,0
48.4168091,-122.33282,0
48.4188499,-122.3336,0
48.4188385,-122.3336,0
48.3360558,-122.33418,0
48.419754,-122.33434,0
48.4205437,-122.3345,0
48.3355598,-122.33455,0
48.3799477,-122.33463,0
48.420929,-122.33469,0
48.4211197,-122.33508,0
48.4957809,-122.33527,0
48.4925156,-122.3353,0
48.421627,-122.33537,0
48.4911079,-122.33539,0
48.491436,-122.33539,0
48.4899979,-122.3354,0
48.4887505,-122.3354,0
48.3421707,-122.33541,0
48.3730278,-122.33546,0
48.3709183,-122.33549,0
48.4877319,-122.33552,0
48.4964333,-122.33557,0
48.3687592,-122.3356,0
48.3590813,-122.33567,0
48.492672,-122.33568,0
48.491497,-122.33571,0
48.3442612,-122.33576,0
48.4886818,-122.33576,0
48.3443871,-122.33577,0
48.3517456,-122.33582,0
48.3450203,-122.33584,0
48.347332,-122.33585,0
48.376194,-122.33585,0
48.3483353,-122.33587,0
48.4876404,-122.33588,0
48.3758125,-122.33588,0
48.3755226,-122.33591,0
48.3726387,-122.33598,0
48.3687401,-122.336,0
48.3692284,-122.33601,0
48.3529129,-122.33632,0
48.3446045,-122.33632,0
48.3478737,-122.33632,0
48.3495483,-122.33633,0
48.3473053,-122.3364,0
48.4241066,-122.33685,0
48.4250984,-122.33785,0
48.441227,-122.34097,0
48.4451256,-122.34101,0
48.4435577,-122.34101,0
48.435215,-122.34106,0
48.4525681,-122.34116,0
48.4812851,-122.34122,0
48.511261,-122.34122,0
48.4407806,-122.34122,0
48.4416695,-122.34124,0
48.4470291,-122.34132,0
48.4578285,-122.34132,0
48.4483337,-122.34133,0
48.4480667,-122.34135,0
48.4483414,-122.34142,0
48.4662819,-122.3416,0
48.4593315,-122.34163,0
48.4612656,-122.34171,0
48.4634743,-122.34176,0
48.4693451,-122.34185,0
48.5117989,-122.34197,0
48.4704552,-122.34216,0
48.4739456,-122.34219,0
48.480114,-122.34222,0
48.5132256,-122.34238,0
48.473156,-122.3424,0
48.5133514,-122.34283,0
48.5154533,-122.3437,0
48.5976715,-122.34395,0
48.5941887,-122.34404,0
48.5915413,-122.34422,0
48.5163269,-122.34422,0
48.5886879,-122.34433,0
48.6000175,-122.34441,0
48.5874596,-122.34454,0
48.5890884,-122.3447,0
48.5870018,-122.34472,0
48.5997314,-122.34488,0
48.5880394,-122.34495,0
48.5855827,-122.34499,0
48.5175362,-122.34531,0
48.6029015,-122.34543,0
48.6048546,-122.34583,0
48.6050415,-122.34586,0
48.6060066,-122.34624,0
48.5198669,-122.34666,0
48.5205193,-122.34704,0
48.5659142,-122.34757,0
48.5653801,-122.3476,0
48.5635986,-122.3476,0
48.5636063,-122.34763,0
48.5617332,-122.34801,0
48.5659218,-122.34834,0
48.5620232,-122.3486,0
48.5231819,-122.34864,0
48.6106873,-122.34879,0
48.5594788,-122.3488,0
48.5242653,-122.34887,0
48.5589867,-122.34903,0
48.5505219,-122.34944,0
48.5497169,-122.34991,0
48.6119347,-122.35046,0
48.545166,-122.35072,0
48.5533524,-122.35078,0
48.5544281,-122.35088,0
48.6123848,-122.35089,0
48.5285416,-122.351,0
48.613369,-122.35112,0
48.540741,-122.35181,0
48.5379982,-122.35183,0
48.5308762,-122.35226,0
48.5323067,-122.35278,0
48.5427284,-122.353,0
48.5404472,-122.35315,0
48.6152458,-122.35326,0
48.5346718,-122.35367,0
48.5397072,-122.35379,0
48.5390968,-122.35388,0
48.5394897,-122.35394,0
48.5385399,-122.35408,0
48.6176529,-122.35465,0
48.6190414,-122.35553,0
48.6210022,-122.35674,0
48.6248741,-122.35722,0
48.6255417,-122.35727,0
48.6305084,-122.35816,0
48.631073,-122.35841,0
48.6333618,-122.35938,0
48.6337547,-122.36011,0
48.6352119,-122.36013,0
48.6361618,-122.36059,0
48.6362953,-122.36112,0
48.6376915,-122.36121,0
48.6412201,-122.36266,0
48.6574936,-122.36908,0
48.6574249,-122.36909,0
48.6609306,-122.37064,0
48.6603088,-122.37108,0
48.6628532,-122.37143,0
48.6627808,-122.37202,0
48.6632118,-122.37218,0
48.6664848,-122.37392,0
48.6685219,-122.37556,0
48.6693153,-122.37862,0
48.6699257,-122.37883,0
48.6712036,-122.38252,0
48.6717377,-122.38381,0
48.6720428,-122.3846,0
48.6720657,-122.3846,0
48.6753197,-122.39092,0
48.6766396,-122.39348,0
48.6836052,-122.3938,0
48.6809273,-122.39437,0
48.6787682,-122.39451,0
48.677948,-122.39464,0
48.6785393,-122.39494,0
48.6860771,-122.39558,0
48.6879692,-122.3996,0
48.688488,-122.40137,0
48.6902809,-122.40796,0
48.6902771,-122.4082,0
48.6904678,-122.41197,0
48.6901588,-122.41286,0
48.6904182,-122.41509,0
48.689991,-122.41723,0
48.6899872,-122.41724,0
48.689106,-122.41853,0
49.1739655,-122.42548,1
48.6901131,-122.42809,0
48.6930809,-122.44611,0
48.6932335,-122.44794,0
49.1742477,-122.45212,1
48.6950264,-122.45383,0
48.6948051,-122.45424,0
48.6967545,-122.45802,0
48.6972389,-122.45912,0
48.6980896,-122.46055,0
49.0931473,-122.46073,0
48.7595253,-122.46157,0
48.7635384,-122.46171,0
49.1034431,-122.46171,0
49.0996552,-122.46176,0
49.1013451,-122.46176,0
48.7629204,-122.46176,0
48.7614708,-122.4618,0
48.7564659,-122.46181,0
48.7544594,-122.46184,0
48.7670593,-122.46194,0
48.7676277,-122.46205,0
48.766861,-122.46208,0
49.0933952,-122.4621,0
48.7679977,-122.4622,0
48.6982079,-122.4628,0
48.7520561,-122.46281,0
48.771347,-122.46371,0
48.7715454,-122.46378,0
48.7718849,-122.46403,0
48.6988983,-122.46413,0
48.7725868,-122.46464,0
48.7728882,-122.46501,0
48.6992416,-122.46561,0
49.1061516,-122.46642,0
49.099041,-122.4669,0
49.1059074,-122.46717,0
49.1059341,-122.46719,0
48.7346191,-122.46725,0
48.7422905,-122.46728,0
48.7341537,-122.46731,0
49.0639954,-122.46754,0
48.7338715,-122.46781,0
48.6995583,-122.46841,0
48.7323189,-122.46847,0
48.7765999,-122.46924,0
48.7769928,-122.46928,0
49.0883141,-122.47043,0
48.7776756,-122.47048,0
48.7777481,-122.47052,0
49.0435791,-122.4706,0
48.730545,-122.47066,0
49.1005669,-122.47084,0
48.7299805,-122.47093,0
49.0581436,-122.47129,0
48.7292137,-122.47171,0
49.0477676,-122.47196,0
48.7794533,-122.47218,0
48.7287521,-122.47218,0
48.7018089,-122.47253,0
48.7019081,-122.47273,0
48.7178078,-122.47353,0
48.7024727,-122.47357,0
48.7024841,-122.47376,0
48.7196503,-122.474,0
48.7163734,-122.47408,0
48.7228317,-122.47411,0
48.7124062,-122.475,0
48.7124481,-122.47503,0
48.7814331,-122.4764,0
48.7093658,-122.47673,0
48.7068481,-122.47683,0
48.7086868,-122.47704,0
48.7076912,-122.47736,0
49.1036186,-122.47736,0
48.7814522,-122.4774,0
49.0991859,-122.47892,0
49.1726303,-122.48044,1
48.782608,-122.48379,0
49.1016731,-122.48591,0
49.1018143,-122.48631,0
49.1038208,-122.48793,0
49.1036873,-122.48867,0
48.7829819,-122.48898,0
49.1038818,-122.48933,0
49.1038284,-122.48946,0
49.0995598,-122.49078,0
49.0351143,-122.49255,0
49.0992661,-122.49306,0
49.1405678,-122.49452,0
48.7836533,-122.49823,0
48.7837334,-122.50012,0
48.7834587,-122.50036,0
48.7837753,-122.50044,0
48.7836456,-122.50191,0
48.7853394,-122.50665,0
49.0307808,-122.50739,0
48.7862854,-122.50951,0
48.786293,-122.50952,0
49.1740875,-122.51156,1
48.7878723,-122.51434,0
49.2204895,-122.51587,1
49.1111259,-122.51775,0
49.1121407,-122.51903,0
49.2204056,-122.52172,1
49.1135864,-122.52269,0
48.795433,-122.5268,0
49.0682182,-122.53124,0
48.8003273,-122.53153,0
49.1039925,-122.53236,0
49.1040268,-122.53297,0
48.8022385,-122.53397,0
49.1639137,-122.53469,0
48.804409,-122.53548,0
48.8061981,-122.53786,0
48.8067322,-122.53829,0
48.8084373,-122.53995,0
48.8097343,-122.54068,0
48.8119011,-122.54275,0
48.8139381,-122.54523,0
48.8139076,-122.54523,0
49.103054,-122.54532,0
48.8141823,-122.54543,0
48.8153687,-122.54615,0
48.8148155,-122.54619,0
48.8198738,-122.55106,0
48.8205872,-122.55117,0
48.8201218,-122.55131,0
49.0305862,-122.55206,0
49.1251678,-122.55208,0
48.8210869,-122.55227,0
48.8224716,-122.55292,0
48.8256187,-122.55609,0
49.203434,-122.55666,0
49.1833115,-122.55676,0
49.1825867,-122.5568,0
48.8260002,-122.55708,0
49.1041565,-122.55907,0
48.8299599,-122.56026,0
49.1305313,-122.56709,0
48.8381653,-122.56825,0
48.8394051,-122.56947,0
48.8394852,-122.5695,0
49.0994949,-122.56966,0
48.8394737,-122.57008,0
48.8395271,-122.57014,0
48.8491783,-122.57195,0
48.8432541,-122.57232,0
48.848999,-122.5726,0
48.8489494,-122.57314,0
48.8444519,-122.57325,0
48.8448677,-122.57367,0
48.847744,-122.57403,0
49.1938782,-122.57442,0
48.847435,-122.57468,0
48.8474312,-122.57475,0
49.0306206,-122.57648,0
49.1965561,-122.5768,0
48.8480949,-122.5768,0
49.196373,-122.57793,0
49.2011986,-122.57888,0
49.2204208,-122.57965,0
49.1383209,-122.5824,0
49.1698303,-122.58363,0
49.1040726,-122.58382,0
49.211586,-122.58552,0
48.8671684,-122.5884,0
48.8671608,-122.58842,0
48.8691406,-122.58858,0
48.8847198,-122.58858,0
48.8822784,-122.58862,0
48.8662643,-122.58864,0
48.8856277,-122.58873,0
48.8772049,-122.58878,0
48.8762932,-122.5888,0
48.8858604,-122.58883,0
48.8739815,-122.58887,0
48.8748703,-122.58888,0
48.8739662,-122.58888,0
48.8806877,-122.58897,0
48.8797989,-122.58903,0
48.8793793,-122.58905,0
48.8781815,-122.58907,0
48.8703804,-122.58908,0
48.8715591,-122.58917,0
48.8722267,-122.58921,0
48.8740997,-122.58923,0
48.8863182,-122.58944,0
48.887188,-122.58952,0
48.8870468,-122.58996,0
48.8882942,-122.59128,0
48.8917046,-122.59686,0
49.1044617,-122.59928,0
49.1044617,-122.6003,0
48.8948669,-122.60124,0
49.0904655,-122.60432,0
49.2162514,-122.60697,0
49.2168121,-122.60816,0
49.1468582,-122.6088,0
48.8993149,-122.60941,0
49.1476593,-122.60957,0
48.901741,-122.61343,0
48.902401,-122.61373,0
48.9025993,-122.614,0
48.9023514,-122.6144,0
49.1307793,-122.61861,0
48.9063454,-122.61979,0
49.0312538,-122.62099,0
48.9110603,-122.62598,0
49.2170219,-122.62773,0
49.2206116,-122.63196,0
49.0312462,-122.6332,0
49.1562653,-122.63837,0
49.2177811,-122.64127,0
48.9261703,-122.64262,0
49.1046638,-122.64275,0
49.1768341,-122.64316,0
48.926609,-122.64407,0
48.9281464,-122.64633,0
49.1046333,-122.64719,0
49.1582108,-122.64732,0
48.9285049,-122.64797,0
49.2182617,-122.64875,0
48.9294853,-122.65008,0
48.9304123,-122.65105,0
48.9304619,-122.6512,0
48.930481,-122.65125,0
49.1050072,-122.65127,0
49.1034851,-122.65132,0
48.9306984,-122.65253,0
49.2187119,-122.65435,0
49.1051826,-122.65492,0
48.932045,-122.65537,0
49.1034851,-122.65546,0
48.9326782,-122.6558,0
48.9328117,-122.65605,0
49.0457001,-122.65605,0
49.1035652,-122.6563,0
49.1133308,-122.65716,0
49.1162453,-122.65757,0
48.9335938,-122.65862,0
49.1173668,-122.65896,0
49.1174049,-122.6591,0
49.1174011,-122.6591,0
49.1173553,-122.65912,0
49.1174202,-122.6592,0
48.9338951,-122.65926,0
48.9340439,-122.65952,0
48.9348183,-122.66106,0
49.1151505,-122.66222,0
48.9365616,-122.66383,0
49.2208481,-122.66451,0
49.1948738,-122.66504,0
48.937458,-122.66548,0
49.183815,-122.66612,0
49.1731262,-122.6664,0
48.9382744,-122.66679,0
48.9378929,-122.66693,0
48.938858,-122.66766,0
49.1738739,-122.66789,0
49.1722717,-122.66792,0
49.1600418,-122.66798,0
49.1090851,-122.66805,0
49.172821,-122.66808,0
49.1674881,-122.66812,0
49.1463203,-122.66814,0
49.1668129,-122.66816,0
49.1386185,-122.66817,0
49.1659088,-122.66819,0
49.1452675,-122.66828,0
48.9387398,-122.6683,0
49.1160851,-122.6684,0
49.1336327,-122.66843,0
49.1615791,-122.66843,0
49.1187363,-122.66844,0
49.1336594,-122.66846,0
49.1190453,-122.66856,0
49.1281853,-122.6686,0
49.118515,-122.66869,0
49.1135597,-122.66893,0
49.1636658,-122.66917,0
49.1133385,-122.66962,0
49.2224388,-122.66982,0
49.2222366,-122.66994,0
49.2230034,-122.6701,0
48.9401283,-122.67023,0
49.2233925,-122.67064,0
48.9411011,-122.67107,0
49.1128349,-122.67349,0
48.9426651,-122.67411,0
49.177002,-122.67493,0
49.1085434,-122.67619,0
49.2260208,-122.67686,0
49.1112862,-122.67688,0
49.1060295,-122.67712,0
48.9465065,-122.67927,0
49.1817284,-122.68114,0
49.1044502,-122.68295,0
49.1732216,-122.68494,0
49.2293282,-122.68505,0
49.104641,-122.68576,0
49.060154,-122.68591,0
49.0416451,-122.68806,0
49.1052933,-122.68847,0
49.0471458,-122.68968,0
49.0412369,-122.69006,0
49.1718559,-122.69067,0
49.0927887,-122.69096,0
48.9544411,-122.69117,0
49.0975494,-122.6912,0
49.0312042,-122.69131,0
48.9542618,-122.69152,0
49.0476418,-122.69154,0
48.9547386,-122.69157,0
49.0524521,-122.69157,0
49.0583534,-122.69157,0
49.0600586,-122.69179,0
49.0600815,-122.6918,0
49.2323761,-122.69244,0
49.0402603,-122.69244,0
49.0484581,-122.69275,0
49.1769981,-122.69429,0
48.9563484,-122.69471,0
49.0487595,-122.69519,0
49.0439644,-122.69598,0
49.0493011,-122.69632,0
49.044735,-122.69659,0
49.0457649,-122.69692,0
49.171505,-122.69739,0
49.1760826,-122.698,0
49.1759987,-122.698,0
49.0539932,-122.69833,0
48.9593582,-122.69855,0
49.1764145,-122.69856,0
49.1764069,-122.69856,0
49.172184,-122.69859,0
49.175415,-122.69881,0
49.0602112,-122.69967,0
49.060215,-122.70035,0
49.1807594,-122.70058,0
49.0311279,-122.70069,0
49.0602112,-122.70304,0
49.0601349,-122.70411,0
49.0311852,-122.70568,0
49.0601616,-122.70656,0
48.9654961,-122.70889,0
49.1040535,-122.7092,0
49.1041679,-122.71151,0
49.0457191,-122.71157,0
49.0311584,-122.71332,0
49.1040535,-122.71417,0
49.1817017,-122.71549,0
49.0311661,-122.71606,0
49.0312462,-122.72091,0
49.1041145,-122.7218,0
48.9756317,-122.72392,0
49.2457008,-122.72424,0
48.9771996,-122.72625,0
49.1754723,-122.72742,0
48.9787216,-122.72769,0
48.9791718,-122.72871,0
48.9799156,-122.72906,0
48.9809151,-122.73006,0
48.9810677,-122.73024,0
48.9808388,-122.73044,0
49.1808548,-122.73068,0
48.9822731,-122.73172,0
49.1042404,-122.73204,0
49.0025673,-122.73222,0
49.1903381,-122.73232,0
49.0027924,-122.73235,0
49.0028,-122.73236,0
49.0037079,-122.73249,0
49.1908913,-122.73315,0
49.0029411,-122.73356,0
49.0027504,-122.7336,0
49.002121,-122.73363,0
49.0028992,-122.73363,0
49.0019913,-122.73364,0
49.0021515,-122.73365,0
49.0021133,-122.73365,0
49.0021133,-122.73365,0
49.0026321,-122.73365,0
49.0021477,-122.7337,0
49.00214,-122.7337,0
49.0018883,-122.7337,0
48.9853249,-122.73373,0
49.0032616,-122.73375,0
49.0006485,-122.73376,0
48.9844055,-122.73395,0
48.9858017,-122.73423,0
49.1845131,-122.73438,0
48.9996223,-122.73454,0
48.9983597,-122.73459,0
49.000061,-122.73466,0
48.9969025,-122.73468,0
48.9987144,-122.7347,0
49.0084229,-122.73472,0
48.9923019,-122.73484,0
48.9916,-122.73484,0
48.9900589,-122.73486,0
48.9895248,-122.73486,0
48.9896469,-122.73488,0
49.0094643,-122.73489,0
49.1490059,-122.73489,0
48.9913559,-122.735,0
48.98946,-122.73502,0
48.9956818,-122.73502,0
48.9906654,-122.73502,0
49.176445,-122.73502,0
49.1154251,-122.73502,0
48.9890366,-122.73502,0
48.9942017,-122.73504,0
49.0118065,-122.73516,0
49.0839386,-122.73521,0
49.0000916,-122.73532,0
49.0790482,-122.73532,0
49.0117645,-122.7354,0
49.0606232,-122.7354,0
49.0120125,-122.73541,0
48.9850616,-122.73541,0
49.0833015,-122.73543,0
49.0133667,-122.73544,0
49.0762062,-122.73544,0
49.0101128,-122.73553,0
49.0062485,-122.73555,0
49.0098648,-122.73556,0
49.0098877,-122.73559,0
49.0096474,-122.73561,0
49.0055618,-122.73563,0
49.0721054,-122.73566,0
49.0743599,-122.73566,0
48.9853935,-122.7358,0
48.9854965,-122.73589,0
48.9854164,-122.73589,0
48.9855728,-122.736,0
48.9861259,-122.73611,0
49.0021515,-122.73613,0
49.0021515,-122.73616,0
49.0021248,-122.73618,0
49.0022926,-122.73623,0
49.0020866,-122.73624,0
49.031189,-122.73624,0
49.0023117,-122.73627,0
49.0020256,-122.73631,0
49.002346,-122.73632,0
49.0020485,-122.73634,0
49.0023537,-122.73639,0
49.0019951,-122.73643,0
49.0023918,-122.73645,0
49.0024071,-122.73645,0
49.0024071,-122.73645,0
49.0024223,-122.7365,0
49.0019951,-122.73659,0
49.0019989,-122.73661,0
49.0024338,-122.73663,0
49.0020142,-122.73679,0
49.0025101,-122.7368,0
49.0019264,-122.73692,0
49.0020142,-122.73698,0
49.0019684,-122.73714,0
49.005455,-122.73716,0
49.0045319,-122.7373,0
49.0020142,-122.73736,0
49.0019608,-122.73736,0
49.0019722,-122.73741,0
49.0019989,-122.73752,0
49.0019684,-122.7376,0
49.0019379,-122.73766,0
49.0166016,-122.73766,0
49.0019875,-122.73768,0
49.0019684,-122.73775,0
49.0019684,-122.73779,0
49.0019875,-122.73798,0
49.0018616,-122.73816,0
49.1043892,-122.73843,0
49.1040154,-122.73853,0
49.0013466,-122.73857,0
49.0014763,-122.73866,0
49.0600929,-122.73912,0
49.1040001,-122.73914,0
49.0167389,-122.74056,0
49.2470932,-122.74183,0
49.0167313,-122.74408,0
49.0165863,-122.74452,0
49.0167351,-122.74644,0
49.0166969,-122.74852,0
49.1041451,-122.74884,0
49.0166817,-122.75084,0
49.1042747,-122.75135,0
49.0166855,-122.75166,0
49.0166817,-122.75168,0
49.2453728,-122.75233,0
49.0165482,-122.75357,0
49.1864395,-122.75535,0
49.0166283,-122.75542,0
49.1043816,-122.75578,0
49.2437935,-122.75581,0
49.1043549,-122.75589,0
49.2651939,-122.75597,0
49.0166588,-122.7564,0
49.016674,-122.75687,0
49.0166855,-122.75726,0
49.0166245,-122.75735,0
49.016655,-122.75765,0
49.0170784,-122.7582,0
49.0167274,-122.75824,0
49.0173149,-122.75836,0
49.0177193,-122.7589,0
49.104393,-122.75997,0
49.0154152,-122.76,0
49.0188255,-122.76054,0
49.0179939,-122.76064,0
49.2414284,-122.76086,0
49.2930183,-122.7612,0
49.0197372,-122.76157,0
49.0197487,-122.76159,0
49.0208817,-122.7618,0
49.0155716,-122.76218,0
49.0155945,-122.76221,0
49.2456284,-122.76223,0
49.1043053,-122.76256,0
49.022213,-122.76286,0
49.1043053,-122.76436,0
49.2404518,-122.76448,0
49.2074814,-122.76482,0
49.0311584,-122.76714,0
49.0296211,-122.76791,0
49.0308266,-122.76923,0
49.0315933,-122.77033,0
49.0332146,-122.7719,0
49.1044083,-122.77287,0
49.1627655,-122.77335,0
49.0345459,-122.77336,0
49.1768723,-122.77354,0
49.0359268,-122.77452,0
49.036087,-122.77507,0
49.0367889,-122.77586,0
49.0372849,-122.776,0
49.0378418,-122.77702,0
49.0392189,-122.77818,0
49.189167,-122.77872,0
49.2114258,-122.78233,0
49.0471268,-122.7869,0
49.1947212,-122.78865,0
49.2121048,-122.78877,0
49.0489502,-122.78934,0
49.0498123,-122.79021,0
49.1915398,-122.7904,0
49.0600548,-122.79077,0
49.0530052,-122.79348,0
49.104332,-122.79366,0
49.1627922,-122.79578,0
49.1905136,-122.79651,0
49.0554008,-122.79676,0
49.0556259,-122.79715,0
49.3008194,-122.79803,0
49.061554,-122.79979,0
49.0574265,-122.79993,0
49.1045189,-122.80001,0
49.0579796,-122.80031,0
49.0577316,-122.80043,0
49.1842117,-122.80074,0
49.1044655,-122.80074,0
49.1920013,-122.80085,0
49.1041679,-122.8009,0
49.1075935,-122.80106,0
49.1041183,-122.80115,0
49.1767883,-122.80156,0
49.1768227,-122.80156,0
49.1059189,-122.80188,0
49.0593376,-122.80213,0
49.2133064,-122.80328,0
49.1002502,-122.80444,0
49.106266,-122.80511,0
49.0615616,-122.80518,0
49.1629105,-122.80529,0
49.1913948,-122.80614,0
49.1009216,-122.80627,0
49.1008949,-122.8065,0
49.062252,-122.8066,0
49.0993996,-122.8066,0
49.0626945,-122.80714,0
49.1768188,-122.8076,0
49.2847404,-122.808,0
49.1189995,-122.80848,0
49.0652351,-122.81072,0
49.1197128,-122.81208,0
49.1045799,-122.8121,0
49.1195526,-122.8121,0
49.0667,-122.81268,0
49.0674744,-122.81332,0
49.2146454,-122.81551,0
49.0691452,-122.81561,0
49.2565117,-122.81577,0
49.069313,-122.81577,0
49.0693398,-122.81632,0
49.2320671,-122.81681,0
49.0702209,-122.81711,0
49.0703468,-122.81728,0
49.2270317,-122.8175,0
49.091217,-122.81763,0
49.095417,-122.81789,0
49.2259789,-122.81789,0
49.2301979,-122.81792,0
49.0708466,-122.81802,0
49.0713196,-122.81902,0
49.2305679,-122.8192,0
49.0845795,-122.8195,0
49.22686,-122.82009,0
49.2368774,-122.82073,0
49.0732079,-122.82116,0
49.0732193,-122.8212,0
49.2333069,-122.82191,0
49.1987076,-122.82468,0
49.1044731,-122.82536,0
49.2269516,-122.82661,0
49.0772476,-122.82685,0
49.0776405,-122.82726,0
49.1047249,-122.82784,0
49.2156143,-122.82845,0
49.2155685,-122.82872,0
49.1627884,-122.82927,0
49.0796471,-122.83002,0
49.0808945,-122.83212,0
49.0816879,-122.83282,0
49.1059914,-122.83292,0
49.2261086,-122.83331,0
49.2286224,-122.83366,0
49.223259,-122.83409,0
49.1914482,-122.83437,0
49.0833931,-122.8356,0
49.1058998,-122.83614,0
49.0838966,-122.8363,0
49.106205,-122.83667,0
49.1065636,-122.83723,0
49.2241478,-122.8374,0
49.2282715,-122.83755,0
49.2277908,-122.83762,0
49.1309128,-122.83872,0
49.0859451,-122.83903,0
49.0862198,-122.83945,0
49.2157326,-122.83965,0
49.2157135,-122.83972,0
49.2146339,-122.83978,0
49.1126671,-122.84142,0
49.2766724,-122.84174,0
49.1771469,-122.84274,0
49.1628265,-122.8428,0
49.1146469,-122.84356,0
49.1286316,-122.8437,0
49.1162338,-122.84486,0
49.1167374,-122.84513,0
49.213089,-122.84525,0
49.1829262,-122.84532,0
49.1835518,-122.84538,0
49.1182442,-122.8454,0
49.1912727,-122.8455,0
49.1353264,-122.84552,0
49.1193657,-122.84552,0
49.1197662,-122.84554,0
49.1405602,-122.84556,0
49.1363411,-122.84556,0
49.1289864,-122.84559,0
49.0891571,-122.8457,0
49.1626358,-122.84572,0
49.1368904,-122.84573,0
49.1626282,-122.84573,0
49.1553459,-122.84575,0
49.1414337,-122.84575,0
49.1457634,-122.84581,0
49.1687469,-122.84589,0
49.1769943,-122.84611,0
49.2242279,-122.84697,0
49.2132874,-122.84705,0
49.2245407,-122.84707,0
49.1315613,-122.84728,0
49.0895348,-122.84745,0
49.0892792,-122.8475,0
49.2143135,-122.84757,0
49.1303749,-122.84803,0
49.2008629,-122.84816,0
49.0893517,-122.84875,0
49.2149048,-122.84956,0
49.0894012,-122.84964,0
49.1481171,-122.84964,0
49.267128,-122.8498,0
49.0894318,-122.85009,0
49.1337166,-122.85051,0
49.1190605,-122.85089,0
49.202755,-122.85117,0
49.2127609,-122.85178,0
49.1898308,-122.85204,0
49.2149124,-122.85312,0
49.2113266,-122.85371,0
49.2634392,-122.85437,0
49.1338043,-122.85448,0
49.1844292,-122.85661,0
49.1335793,-122.85668,0
49.1338463,-122.8567,0
49.1443863,-122.85679,0
49.1416054,-122.85683,0
49.1659317,-122.85693,0
49.1627045,-122.857,0
49.1595879,-122.85701,0
49.1449127,-122.85701,0
49.1626663,-122.85703,0
49.1426964,-122.85724,0
49.1612053,-122.85754,0
49.1082382,-122.85828,0
49.1082497,-122.85925,0
49.1472549,-122.86028,0
49.230545,-122.86086,0
49.1479797,-122.86093,0
49.147419,-122.86098,0
49.2305717,-122.86159,0
49.2139015,-122.86198,0
49.2114677,-122.862,0
49.1222916,-122.86221,0
49.1601715,-122.86245,0
49.118866,-122.86246,0
49.1509666,-122.86284,0
49.1442986,-122.86372,0
49.0903511,-122.865,0
49.1538582,-122.86516,0
49.1522636,-122.86532,0
49.1553192,-122.86555,0
49.1081924,-122.8658,0
49.2131767,-122.86603,0
49.2069855,-122.8674,0
49.14814,-122.86745,0
49.1190338,-122.86776,0
49.1188927,-122.8678,0
49.1497688,-122.86787,0
49.2062149,-122.86792,0
49.1523819,-122.868,0
49.1614151,-122.868,0
49.1757126,-122.86805,0
49.1673584,-122.86806,0
49.1520271,-122.86808,0
49.1564407,-122.8681,0
49.1503258,-122.86842,0
49.2630386,-122.86874,0
49.1626854,-122.86936,0
49.2292786,-122.86942,0
49.090683,-122.87001,0
49.0907249,-122.87124,0
49.1239128,-122.87138,0
49.1229324,-122.87196,0
49.2387733,-122.87302,0
49.0912247,-122.87566,0
49.2119637,-122.87727,0
49.0913582,-122.87827,0
49.1520538,-122.8783,0
49.2301521,-122.87943,0
49.2110062,-122.87972,0
49.1531334,-122.88019,0
49.0915527,-122.88076,0
49.2684937,-122.88144,0
49.2341461,-122.88356,0
49.2273598,-122.8836,0
49.1632957,-122.88361,0
49.2060089,-122.88424,0
49.2368927,-122.88424,0
49.232666,-122.88468,0
49.2284584,-122.88599,0
49.2026787,-122.88659,0
49.0919151,-122.88718,0
49.1193504,-122.88757,0
49.0920677,-122.88843,0
49.2262001,-122.8885,0
49.2006416,-122.88888,0
49.108181,-122.889,0
49.193676,-122.88904,0
49.2249069,-122.88982,0
49.1081543,-122.88998,0
49.1193962,-122.89,0
49.1827736,-122.89023,0
49.1399269,-122.89024,0
49.1166916,-122.8903,0
49.0919342,-122.8903,0
49.1445198,-122.89034,0
49.1609344,-122.89035,0
49.2232018,-122.89171,0
49.2227859,-122.89204,0
49.1969337,-122.89251,0
49.2317276,-122.89278,0
49.2257538,-122.89284,0
49.2253456,-122.89292,0
49.2492485,-122.89297,0
49.2212791,-122.89301,0
49.0924835,-122.89301,0
49.2217331,-122.89312,0
49.1922455,-122.89315,0
49.1083183,-122.8933,0
49.0920982,-122.89381,0
49.0915909,-122.89388,0
49.1955795,-122.89388,0
49.2160149,-122.89404,0
49.0930252,-122.89416,0
49.1077614,-122.89504,0
49.0941467,-122.89526,0
49.0921211,-122.8961,0
49.2114258,-122.89735,0
49.0905151,-122.89743,0
49.0911751,-122.89785,0
49.0912323,-122.89788,0
49.1193733,-122.89857,0
49.2119789,-122.89896,0
49.2118263,-122.89936,0
49.1034889,-122.89947,0
49.1012535,-122.89952,0
49.1948509,-122.89964,0
49.1014938,-122.89967,0
49.1016998,-122.89979,0
49.1024323,-122.90023,0
49.102417,-122.90032,0
49.1023293,-122.90038,0
49.2123871,-122.90052,0
49.2118263,-122.90057,0
49.2135277,-122.90073,0
49.1036453,-122.90095,0
49.1033325,-122.90102,0
49.103878,-122.90115,0
49.1050415,-122.90154,0
49.1617775,-122.90173,0
49.1051064,-122.90186,0
49.2103271,-122.90231,0
49.1059074,-122.90252,0
49.1944122,-122.9028,0
49.2095642,-122.90355,0
49.1080246,-122.90372,0
49.2362595,-122.90508,0
49.208725,-122.9053,0
49.110508,-122.90576,0
49.1842346,-122.90578,0
49.2304878,-122.90619,0
49.2082863,-122.9063,0
49.1114006,-122.90684,0
49.1111298,-122.90694,0
49.1119995,-122.90741,0
49.1123123,-122.90888,0
49.1809959,-122.90904,0
49.2386322,-122.90912,0
49.1130104,-122.90923,0
49.1126785,-122.90968,0
49.2059479,-122.91033,0
49.2058182,-122.91056,0
49.1138954,-122.91231,0
49.2044601,-122.91301,0
49.2044373,-122.91344,0
49.247921,-122.91354,0
49.2041855,-122.91386,0
49.2040253,-122.91408,0
49.2506218,-122.91425,0
49.2033539,-122.91496,0
49.2033806,-122.91497,0
49.1145668,-122.9155,0
49.1143188,-122.91552,0
49.11446,-122.91616,0
49.1144981,-122.91655,0
49.202404,-122.91669,0
49.2245941,-122.91705,0
49.1148071,-122.91821,0
49.1714249,-122.91891,0
49.1607208,-122.92121,0
49.1605721,-122.92141,0
49.1679268,-122.92349,0
49.1173134,-122.92506,0
49.2014084,-122.92508,0
49.2482719,-122.92527,0
49.1177826,-122.92533,0
49.1665916,-122.92554,0
49.2018738,-122.92581,0
49.2025719,-122.92665,0
49.1660385,-122.92712,0
49.1230049,-122.92775,0
49.1218681,-122.92775,0
49.1236382,-122.92795,0
49.1246147,-122.92804,0
49.1296844,-122.92843,0
49.1341667,-122.9287,0
49.1344643,-122.92911,0
49.1346588,-122.92924,0
49.21772,-122.92979,0
49.2365417,-122.92988,0
49.2036667,-122.93072,0
49.2037239,-122.93089,0
49.1365395,-122.93093,0
49.20364,-122.93105,0
49.1370964,-122.9312,0
49.1369324,-122.9313,0
49.2037849,-122.93184,0
49.1375809,-122.93201,0
49.1377525,-122.93212,0
49.139286,-122.93355,0
49.1397057,-122.93365,0
49.2100601,-122.93368,0
49.2238731,-122.93369,0
49.1467857,-122.93376,0
49.1471939,-122.93389,0
49.1471481,-122.93392,0
49.1463127,-122.93394,0
49.2039795,-122.93423,0
49.1400986,-122.93436,0
49.1508789,-122.93496,0
49.1609573,-122.93531,0
49.1427383,-122.93565,0
49.1468735,-122.93616,0
49.1467972,-122.9362,0
49.1466331,-122.93651,0
49.1450272,-122.93661,0
49.146225,-122.93712,0
49.2138939,-122.93713,0
49.147953,-122.93779,0
49.1459465,-122.9378,0
49.1482201,-122.93828,0
49.1502457,-122.93872,0
49.1503067,-122.939,0
49.1510239,-122.93908,0
49.1512604,-122.93908,0
49.1513062,-122.93915,0
49.1508598,-122.93924,0
49.1450119,-122.93925,0
49.1488342,-122.93961,0
49.1461487,-122.94067,0
49.1549606,-122.9407,0
49.1470413,-122.94073,0
49.1460609,-122.94075,0
49.1469879,-122.94075,0
49.1466713,-122.94075,0
49.1473618,-122.94086,0
49.1548576,-122.94086,0
49.1455574,-122.94097,0
49.1451416,-122.94099,0
49.1557198,-122.94099,0
49.1455383,-122.94108,0
49.1563568,-122.94122,0
49.1450996,-122.94144,0
49.1570206,-122.94161,0
49.1453133,-122.94167,0
49.1505814,-122.94181,0
49.1470528,-122.94184,0
49.1508904,-122.94186,0
49.1512413,-122.94191,0
49.1512337,-122.94191,0
49.1512375,-122.94191,0
49.150795,-122.94192,0
49.1513405,-122.94192,0
49.1508217,-122.94192,0
49.1508255,-122.94192,0
49.1491203,-122.94192,0
49.1512451,-122.94192,0
49.1508408,-122.94193,0
49.1507607,-122.94193,0
49.1460381,-122.94195,0
49.1513062,-122.94195,0
49.1514015,-122.94195,0
49.1507492,-122.94196,0
49.1507835,-122.94196,0
49.1508446,-122.94196,0
49.1511269,-122.94196,0
49.1507263,-122.94196,0
49.1508598,-122.94197,0
49.1508598,-122.94197,0
49.1508751,-122.94197,0
49.1508598,-122.94197,0
49.150856,-122.94197,0
49.1507645,-122.94197,0
49.1507683,-122.94197,0
49.1507187,-122.94197,0
49.1508751,-122.94199,0
49.150795,-122.94199,0
49.1507149,-122.942,0
49.1507263,-122.94202,0
49.1509857,-122.94202,0
49.1507263,-122.94204,0
49.1515083,-122.94207,0
49.1507721,-122.94207,0
49.1512184,-122.94207,0
49.1507607,-122.94211,0
49.1507607,-122.94212,0
49.1507568,-122.94213,0
49.1579552,-122.94213,0
49.1507874,-122.94216,0
49.1578789,-122.94218,0
49.1517029,-122.94225,0
49.1488152,-122.94234,0
49.1911888,-122.94234,0
49.1491852,-122.94238,0
49.1911049,-122.94248,0
49.1474609,-122.94273,0
49.1597061,-122.94283,0
49.1605415,-122.94292,0
49.1601563,-122.94304,0
49.1608734,-122.94307,0
49.1928406,-122.94325,0
49.1612816,-122.94329,0
49.1474152,-122.94329,0
49.1613007,-122.94332,0
49.160675,-122.94332,0
49.1616096,-122.9434,0
49.1467209,-122.94344,0
49.1623344,-122.94376,0
49.1466675,-122.94384,0
49.1467361,-122.944,0
49.1893921,-122.94434,0
49.163208,-122.94434,0
49.1644287,-122.94484,0
49.1472816,-122.94485,0
49.1650009,-122.94498,0
49.1663857,-122.94541,0
49.1668854,-122.94571,0
49.1665115,-122.94571,0
49.1665344,-122.94573,0
49.1670074,-122.94607,0
49.1474991,-122.94682,0
49.1966934,-122.94743,0
49.1683388,-122.94749,0
49.1967659,-122.94762,0
49.197155,-122.94794,0
49.1988182,-122.9481,0
49.1688118,-122.94814,0
49.1690598,-122.94824,0
49.1531792,-122.94867,0
49.169281,-122.94891,0
49.1876411,-122.94907,0
49.1528587,-122.94958,0
49.1483192,-122.9502,0
49.1701012,-122.95137,0
49.1986885,-122.95142,0
49.150425,-122.95167,0
49.1851006,-122.95187,0
49.1851959,-122.95193,0
49.1848984,-122.95248,0
49.1717415,-122.95258,0
49.1488876,-122.9526,0
49.1489449,-122.95293,0
49.1492538,-122.95312,0
49.1861153,-122.9532,0
49.1723022,-122.95367,0
49.1707726,-122.95412,0
49.1730118,-122.95443,0
49.1731339,-122.95452,0
49.1736984,-122.95477,0
49.1750908,-122.95502,0
49.1750107,-122.95512,0
49.1694832,-122.95572,0
49.176693,-122.95638,0
49.1769791,-122.95677,0
49.1769142,-122.95711,0
49.1770744,-122.95712,0
49.1770134,-122.95756,0
49.1776352,-122.9578,0
49.1689301,-122.95796,0
49.1772461,-122.95828,0
49.1772308,-122.95912,0
49.2184334,-122.95918,0
49.2049789,-122.95976,0
49.1770782,-122.95977,0
49.1782875,-122.96014,0
49.1800613,-122.96185,0
49.1755867,-122.96199,0
49.1791649,-122.96244,0
49.1749535,-122.96328,0
49.1744003,-122.96381,0
49.1661453,-122.96464,0
49.1607018,-122.96517,0
49.16082,-122.96526,0
49.1608086,-122.96526,0
49.172905,-122.96556,0
49.2426453,-122.96619,0
49.2170563,-122.96877,0
49.2169876,-122.96924,0
49.1710777,-122.96941,0
49.2169418,-122.96991,0
49.1708107,-122.97,0
49.1700592,-122.97043,0
49.2057686,-122.97056,0
49.1697617,-122.97096,0
49.1686249,-122.97218,0
49.1702347,-122.97231,0
49.1702423,-122.97234,0
49.170166,-122.97241,0
49.1699677,-122.97263,0
49.1695251,-122.97264,0
49.1697083,-122.97266,0
49.1690483,-122.97271,0
49.168541,-122.97307,0
49.1681366,-122.97469,0
49.16819,-122.9754,0
49.1680794,-122.97548,0
49.1975937,-122.97567,0
49.1681786,-122.97596,0
49.1979141,-122.97603,0
49.1539917,-122.97625,0
49.1682549,-122.97632,0
49.1685791,-122.97752,0
49.1688156,-122.97789,0
49.1897583,-122.97858,0
49.168972,-122.97906,0
49.1691818,-122.9799,0
49.1691856,-122.98047,0
49.1691322,-122.98092,0
49.2020607,-122.9819,0
49.1693726,-122.98351,0
49.1694069,-122.98363,0
49.1692543,-122.98391,0
49.169342,-122.98534,0
49.1692734,-122.98552,0
49.1693916,-122.98589,0
49.1693916,-122.98659,0
49.169281,-122.98705,0
49.1693611,-122.98769,0
49.1649666,-122.98976,0
49.1693268,-122.99039,0
49.1692772,-122.99057,0
49.1694183,-122.99064,0
49.1693115,-122.99245,0
49.150341,-122.99295,0
49.1691856,-122.99328,0
49.1497574,-122.99522,0
49.1691513,-122.99568,0
49.1692276,-122.996,0
49.1691666,-122.99657,0
49.1690979,-122.99683,0
49.1691742,-122.9974,0
49.1691933,-122.99748,0
49.1691284,-122.99797,0
49.1691132,-122.99802,0
49.1690865,-122.99834,0
49.1691322,-122.99836,0
49.169075,-122.99939,0
49.1691208,-122.9996,0
49.1691093,-122.99986,0
49.1691475,-123.00002,0
49.1691132,-123.00034,0
49.1691322,-123.00069,0
49.1690483,-123.00076,0
49.1691742,-123.00079,0
49.1690369,-123.00098,0
49.1690788,-123.00156,0
49.1690254,-123.00253,0
49.1691322,-123.0028,0
49.1691399,-123.00371,0
49.1691399,-123.00381,0
49.1691132,-123.00394,0
49.1691513,-123.00459,0
49.1690941,-123.00603,0
49.2060394,-123.0061,0
49.1690826,-123.00616,0
49.1692238,-123.00677,0
49.1426353,-123.00745,0
49.2060661,-123.00781,0
49.1597672,-123.00819,0
49.2578392,-123.00838,0
49.1452332,-123.00901,0
49.1697845,-123.00976,0
49.1698799,-123.01054,0
49.1699066,-123.01107,0
49.1697845,-123.01125,0
49.1698532,-123.01168,0
49.1698799,-123.01252,0
49.1696663,-123.0127,0
49.1569366,-123.01272,0
49.1693649,-123.01273,0
49.1673393,-123.01273,0
49.1674995,-123.01275,0
49.1662216,-123.01275,0
49.1584282,-123.01276,0
49.1686401,-123.01276,0
49.1681213,-123.01277,0
49.1608467,-123.01277,0
49.1678238,-123.01277,0
49.1631317,-123.01277,0
49.1672516,-123.01277,0
49.1654625,-123.01277,0
49.1689148,-123.01277,0
49.159481,-123.01279,0
49.1651459,-123.01279,0
49.1563492,-123.01279,0
49.1594391,-123.01279,0
49.163372,-123.01279,0
49.1572456,-123.0128,0
49.1647682,-123.0128,0
49.15522,-123.0128,0
49.1697426,-123.0128,0
49.1560974,-123.01281,0
49.1580811,-123.01283,0
49.159359,-123.01283,0
49.1588135,-123.01283,0
49.1628189,-123.01283,0
49.1656952,-123.01284,0
49.1635399,-123.01284,0
49.1588593,-123.01286,0
49.159523,-123.01286,0
49.1618805,-123.01286,0
49.1651611,-123.01286,0
49.1590958,-123.01288,0
49.1616516,-123.01288,0
49.1577148,-123.01289,0
49.1593323,-123.01289,0
49.1599083,-123.01289,0
49.1610947,-123.01289,0
49.1553726,-123.01291,0
49.1551476,-123.01291,0
49.1589546,-123.01291,0
49.1558189,-123.01291,0
49.1551743,-123.01292,0
49.1679916,-123.01293,0
49.1701469,-123.01293,0
49.155159,-123.01295,0
49.1692352,-123.01297,0
49.1551094,-123.01302,0
49.1694717,-123.01305,0
49.1697464,-123.01309,0
49.1403275,-123.01318,0
49.1550674,-123.01355,0
49.1550217,-123.01427,0
49.1574173,-123.0145,0
49.1550865,-123.01469,0
49.1550941,-123.01493,0
49.1551552,-123.0153,0
49.1605148,-123.01545,0
49.1594086,-123.0155,0
49.0816994,-123.01564,1
49.1594009,-123.01585,0
49.1595459,-123.0164,0
49.1551132,-123.0164,0
49.1416359,-123.01643,0
49.1594009,-123.01669,0
49.1551208,-123.01673,0
49.1551132,-123.01691,0
49.1550941,-123.017,0
49.1551285,-123.01703,0
49.1557655,-123.01711,0
49.1554718,-123.01711,0
49.1551056,-123.01711,0
49.1559334,-123.01711,0
49.1557465,-123.01714,0
49.1554146,-123.01714,0
49.1559181,-123.01714,0
49.1554794,-123.01714,0
49.1556091,-123.01716,0
49.1556358,-123.01716,0
49.1559982,-123.01716,0
49.1559792,-123.01716,0
49.1557007,-123.01716,0
49.1558838,-123.01716,0
49.1556664,-123.01717,0
49.1555862,-123.01717,0
49.1557274,-123.01717,0
49.1556778,-123.01717,0
49.1556931,-123.01717,0
49.1558304,-123.01719,0
49.1557121,-123.01719,0
49.1559296,-123.01719,0
49.1554451,-123.01719,0
49.1552773,-123.01719,0
49.1555214,-123.0172,0
49.1555939,-123.0172,0
49.155365,-123.0172,0
49.1557274,-123.0172,0
49.1553879,-123.0172,0
49.1557236,-123.01721,0
49.1553535,-123.01721,0
49.1553535,-123.01721,0
49.1558685,-123.01721,0
49.1558456,-123.01721,0
49.1557617,-123.01721,0
49.1555939,-123.01723,0
49.1560593,-123.01723,0
49.1556282,-123.01723,0
49.1559334,-123.01723,0
49.1560593,-123.01723,0
49.1552391,-123.01723,0
49.1560478,-123.01723,0
49.155735,-123.01724,0
49.1558685,-123.01724,0
49.1560173,-123.01724,0
49.1557121,-123.01724,0
49.1559448,-123.01724,0
49.1557846,-123.01725,0
49.1559677,-123.01725,0
49.1557732,-123.01725,0
49.1557808,-123.01725,0
49.1560249,-123.01727,0
49.1594086,-123.01728,0
49.1560631,-123.01728,0
49.1557961,-123.01728,0
49.1556282,-123.01728,0
49.155632,-123.01728,0
49.1557693,-123.01728,0
49.1560135,-123.01728,0
49.1557617,-123.01728,0
49.1556206,-123.0173,0
49.1559715,-123.0173,0
49.1560707,-123.0173,0
49.1556435,-123.0173,0
49.155632,-123.0173,0
49.1555252,-123.0173,0
49.1555252,-123.0173,0
49.1557465,-123.0173,0
49.155735,-123.0173,0
49.1557541,-123.0173,0
49.1556664,-123.01732,0
49.1555939,-123.01732,0
49.1555786,-123.01732,0
49.1556816,-123.01732,0
49.1557274,-123.01732,0
49.1557617,-123.01732,0
49.1555748,-123.01733,0
49.1555557,-123.01733,0
49.155571,-123.01733,0
49.1558609,-123.01733,0
49.1556015,-123.01733,0
49.1555862,-123.01733,0
49.1555824,-123.01733,0
49.1555939,-123.01733,0
49.1555672,-123.01733,0
49.155899,-123.01733,0
49.1557617,-123.01733,0
49.1557617,-123.01733,0
49.1557541,-123.01733,0
49.1558495,-123.01735,0
49.1555748,-123.01735,0
49.1558342,-123.01735,0
49.1556282,-123.01735,0
49.1557045,-123.01735,0
49.1557045,-123.01735,0
49.1557274,-123.01735,0
49.1557541,-123.01735,0
49.1557617,-123.01735,0
49.1557617,-123.01735,0
49.1557541,-123.01735,0
49.1556473,-123.01736,0
49.1557007,-123.01736,0
49.1557007,-123.01736,0
49.1556969,-123.01736,0
49.1556931,-123.01736,0
49.1558266,-123.01736,0
49.1560097,-123.01736,0
49.1558418,-123.01736,0
49.1557693,-123.01736,0
49.1557541,-123.01736,0
49.1557121,-123.01737,0
49.1556511,-123.01737,0
49.1556549,-123.01737,0
49.1558495,-123.01737,0
49.1558189,-123.01737,0
49.1560135,-123.01737,0
49.1556854,-123.01739,0
49.1558456,-123.01739,0
49.1556511,-123.01739,0
49.1558914,-123.01739,0
49.1558609,-123.01739,0
49.1558189,-123.01739,0
49.1559219,-123.01739,0
49.1556931,-123.0174,0
49.1558189,-123.0174,0
49.1558228,-123.0174,0
49.1557541,-123.01741,0
49.155983,-123.01741,0
49.1558952,-123.01741,0
49.155941,-123.01741,0
49.15588,-123.01741,0
49.1558151,-123.01741,0
49.1558609,-123.01741,0
49.1558189,-123.01741,0
49.1559334,-123.01741,0
49.1556473,-123.01741,0
49.1560516,-123.01743,0
49.1559258,-123.01743,0
49.1558113,-123.01743,0
49.1559181,-123.01743,0
49.1559181,-123.01743,0
49.1559181,-123.01743,0
49.1559219,-123.01743,0
49.1559181,-123.01743,0
49.1558342,-123.01743,0
49.1558304,-123.01743,0
49.1558189,-123.01743,0
49.1559715,-123.01743,0
49.1558189,-123.01743,0
49.1560326,-123.01743,0
49.1559944,-123.01743,0
49.1560059,-123.01743,0
49.1560326,-123.01743,0
49.1560783,-123.01744,0
49.156002,-123.01744,0
49.1558342,-123.01744,0
49.1558342,-123.01744,0
49.1560211,-123.01746,0
49.1560059,-123.01746,0
49.1559982,-123.01746,0
49.155899,-123.01746,0
49.1558342,-123.01746,0
49.1558342,-123.01746,0
49.1560097,-123.01748,0
49.1551819,-123.01789,0
49.1551743,-123.01792,0
49.1621323,-123.01794,0
49.1619263,-123.01794,0
49.1621552,-123.01794,0
49.1560745,-123.01796,0
49.1621513,-123.018,0
49.1554947,-123.018,0
49.1619682,-123.01803,0
49.1621666,-123.01803,0
49.1555061,-123.01803,0
49.1621552,-123.01807,0
49.1552734,-123.01808,0
49.1552467,-123.01808,0
49.1552544,-123.0181,0
49.1553001,-123.0181,0
49.1552734,-123.0181,0
49.1552658,-123.0181,0
49.1552658,-123.0181,0
49.1552544,-123.01812,0
49.1552544,-123.01812,0
49.1552391,-123.01812,0
49.1555252,-123.01812,0
49.1552811,-123.01812,0
49.1552734,-123.01812,0
49.1552582,-123.01812,0
49.155262,-123.01814,0
49.1552658,-123.01814,0
49.1552658,-123.01814,0
49.1552505,-123.01814,0
49.1552658,-123.01814,0
49.1558189,-123.01814,0
49.1558266,-123.01814,0
49.1621323,-123.01815,0
49.1552849,-123.01815,0
49.1552315,-123.01815,0
49.1558228,-123.01815,0
49.156044,-123.01816,0
49.1558685,-123.01816,0
49.155632,-123.01816,0
49.1552773,-123.01816,0
49.155323,-123.01816,0
49.1558151,-123.01816,0
49.1552773,-123.01817,0
49.1559296,-123.01819,0
49.1559143,-123.01819,0
49.1558418,-123.01819,0
49.1553001,-123.01821,0
49.1556854,-123.01821,0
49.1558838,-123.01821,0
49.155323,-123.01821,0
49.1553307,-123.01821,0
49.1556854,-123.01823,0
49.1558266,-123.01823,0
49.15588,-123.01823,0
49.1558685,-123.01823,0
49.1559067,-123.01824,0
49.1553574,-123.01826,0
49.1557007,-123.01826,0
49.1559067,-123.01826,0
49.1557999,-123.01826,0
49.1559143,-123.01826,0
49.1560249,-123.01828,0
49.1559334,-123.0183,0
49.1557465,-123.0183,0
49.1557388,-123.0183,0
49.1557808,-123.0183,0
49.1559105,-123.0183,0
49.1558762,-123.0183,0
49.1620827,-123.0183,0
49.1559105,-123.0183,0
49.1559067,-123.0183,0
49.1558685,-123.0183,0
49.155632,-123.0183,0
49.1556549,-123.01832,0
49.1554985,-123.01833,0
49.1555862,-123.01833,0
49.1554871,-123.01833,0
49.1559181,-123.01835,0
49.1554146,-123.01835,0
49.1554527,-123.01835,0
49.1555176,-123.01835,0
49.1558075,-123.01836,0
49.1609879,-123.01836,0
49.1609192,-123.01836,0
49.1560326,-123.01836,0
49.1598282,-123.01837,0
49.1558495,-123.01837,0
49.1559372,-123.01837,0
49.1559105,-123.01837,0
49.1555481,-123.01837,0
49.1555519,-123.01837,0
49.1557884,-123.01837,0
49.1557274,-123.01837,0
49.1558151,-123.01837,0
49.1555519,-123.01839,0
49.1617165,-123.01839,0
49.1555367,-123.01841,0
49.1559296,-123.01841,0
49.1556015,-123.01841,0
49.1596069,-123.01842,0
49.1557541,-123.01844,0
49.1607895,-123.02008,0
49.1600418,-123.02017,0
49.1771507,-123.02297,0
49.2687569,-123.02341,0
49.1376419,-123.02348,0
49.246479,-123.0236,0
49.2177658,-123.02364,0
49.1579514,-123.02429,0
49.1417732,-123.02652,0
49.1417656,-123.02652,0
49.1417351,-123.02663,0
49.1415482,-123.02704,0
49.2690849,-123.02802,0
49.1773071,-123.02924,0
49.0901451,-123.03615,1
49.0901375,-123.0368,1
49.2582321,-123.04464,0
49.1133804,-123.05016,0
49.1776276,-123.05357,0
49.177536,-123.05495,0
49.1777534,-123.05782,0
49.1093063,-123.05875,0
49.1776543,-123.05932,0
49.1778908,-123.06253,0
49.1142807,-123.06622,0
49.2623482,-123.06718,0
49.1761208,-123.06911,0
49.2010574,-123.06934,0
49.1966782,-123.07294,0
49.1967316,-123.07305,0
49.1967392,-123.07316,0
49.1920013,-123.0743,0
49.1890068,-123.07494,0
49.1872482,-123.07547,0
49.1878586,-123.07568,0
49.1890411,-123.0759,0
49.189003,-123.07633,0
49.1702118,-123.07724,0
49.1948166,-123.07751,0
49.172924,-123.08022,0
49.1589203,-123.08648,0
49.135334,-123.08653,0
49.1585007,-123.08672,0
49.143528,-123.0868,0
49.262516,-123.08901,0
49.130558,-123.09158,0
49.1618652,-123.09171,0
49.1592255,-123.09177,0
49.1248245,-123.09222,0
49.123085,-123.09224,0
49.1919937,-123.09381,0
49.122921,-123.09764,0
49.1251984,-123.09946,0
49.2749939,-123.10008,0
49.1292763,-123.10056,0
49.1334381,-123.10078,0
49.2737198,-123.10178,0
49.133419,-123.10547,0
49.2123833,-123.10727,0
49.2780151,-123.11115,0
49.1772614,-123.11356,0
49.1709595,-123.11396,0
49.1920128,-123.11478,0
49.2529831,-123.1153,0
49.2660713,-123.11587,0
49.228653,-123.11655,0
49.1990013,-123.12477,0
49.1700859,-123.12488,0
49.1701241,-123.12498,0
49.1773071,-123.12557,0
49.1773682,-123.12732,0
49.1919937,-123.13136,0
49.1773338,-123.13465,0
49.1824303,-123.13675,0
49.170929,-123.14014,0
49.1718292,-123.14016,0
49.1779861,-123.14407,0
49.1871147,-123.14465,0
49.1720581,-123.14489,0
49.1738548,-123.14497,0
49.1780815,-123.14592,0
49.1700783,-123.14699,0
49.1659355,-123.14771,0
49.1408272,-123.14784,1
49.1969681,-123.15011,0
49.2050629,-123.16084,0
49.2052574,-123.16238,0
